{"cameraMode":{"drawMode":0,"name":"Shaded","section":"Shading Mode"},"sceneLighting":false,"audioPlay":false,"sceneViewState":{"showFog":true,"showMaterialUpdate":false,"showSkybox":false,"showFlares":true,"showImageEffects":true,"showParticleSystems":true},"in2DMode":false,"pivot":{"x":-5.320298194885254,"y":11.106498718261719,"z":-221.7209014892578},"rotation":{"x":0.1786399781703949,"y":-0.06488679349422455,"z":0.011807536706328392,"w":0.9817028045654297},"size":40.28079605102539,"orthographic":true}